Term,Overlap,P.value,Adjusted.P.value,Old.P.value,Old.Adjusted.P.value,Odds.Ratio,Combined.Score,Genes
Positive Regulation Of Protein Depolymerization (GO:1901881),2/10,3.047775949307404e-5,0.008061196190659984,0,0,332.9166666666667,3461.8383985403652,PLEK;STMN2
Positive Regulation Of Cytoskeleton Organization (GO:0051495),3/79,3.875575091663454e-5,0.008061196190659984,0,0,56.12875939849624,570.1689263009531,VASP;GPSM2;PLEK
Positive Regulation Of Supramolecular Fiber Organization (GO:1902905),3/96,6.94016149133282e-5,0.008427254128475805,0,0,45.8294930875576,438.8449133069964,VASP;PLEK;STMN2
Ruffle Organization (GO:0031529),2/16,8.103128969688274e-5,0.008427254128475805,0,0,190.1809523809524,1791.6329788175672,CSF1R;PLEK
Positive Regulation Of Phosphatase Activity (GO:0010922),2/22,1.5551887733367725e-4,0.01198497878081226,0,0,133.08666666666667,1167.0028347616174,PLEK;MTOR
Plasma Membrane Bounded Cell Projection Organization (GO:0120036),3/132,1.7857607743831144e-4,0.01198497878081226,0,0,32.98006644518272,284.6343263704548,CSF1R;PLEK;STMN2
Regulation Of Cell Size (GO:0008361),2/25,2.0167031602328324e-4,0.01198497878081226,0,0,115.71014492753623,984.5633090082882,PLEK;MTOR
Positive Regulation Of Insulin Secretion (GO:0032024),2/40,5.204302673761171e-4,0.02706237390355809,0,0,69.98245614035088,529.127179015688,BAD;CFTR
Protein Phosphorylation (GO:0006468),4/500,7.089723556156057e-4,0.032770277770676884,0,0,12.088709677419354,87.66362371184876,BCKDK;CSF1R;PRKCB;MTOR
Glycerophospholipid Metabolic Process (GO:0006650),2/62,0.0012479263816052336,0.048717334664180545,0,0,44.27333333333333,296.02354900771934,CSF1R;PLEK
Phosphatidylinositol Metabolic Process (GO:0046488),2/63,0.0012881987531393891,0.048717334664180545,0,0,43.54535519125683,289.7730168913341,CSF1R;PLEK
Cell-Cell Junction Organization (GO:0045216),2/68,0.0014988231077721465,0.05125113039696282,0,0,40.236363636363635,261.66009341787907,DSP;CSF1R
Cellular Response To Hypoxia (GO:0071456),2/72,0.0016783804310391412,0.05125113039696282,0,0,37.92952380952381,242.3668495875679,BAD;MTOR
Cellular Response To Decreased Oxygen Levels (GO:0036294),2/73,0.001724797657590095,0.05125113039696282,0,0,37.393427230046946,237.92112281582436,BAD;MTOR
Organonitrogen Compound Catabolic Process (GO:1901565),2/78,0.001966003863019372,0.05306896861092597,0,0,34.924561403508775,217.64121558549033,BCKDK;MTOR
Supramolecular Fiber Organization (GO:0097435),3/316,0.0022540410712308563,0.05306896861092597,0,0,13.466453674121404,82.0784477834351,DSP;MARCKS;STMN2
Protein Modification Process (GO:0036211),4/711,0.0026035842225257773,0.05306896861092597,0,0,8.38907627026439,49.92227072922981,DSP;BCKDK;PRKCB;MTOR
Regulation Of Actin Cytoskeleton Organization (GO:0032956),2/91,0.002663579809883278,0.05306896861092597,0,0,29.80374531835206,176.67911374226674,CSF1R;MTOR
Hemopoiesis (GO:0030097),2/101,0.0032684109262669566,0.05306896861092597,0,0,26.77979797979798,153.27287136771164,CSF1R;PLEK
Cellular Response To Organonitrogen Compound (GO:0071417),2/105,0.00352672379591105,0.05306896861092597,0,0,25.734627831715212,145.33337544284453,MTOR;CFTR
Regulation Of Enamel Mineralization (GO:0070173),1/5,0.004243143988996933,0.05306896861092597,0,0,312.171875,1705.2235013634931,CFTR
Positive Regulation Of Mitochondrial Membrane Potential (GO:0010918),1/5,0.004243143988996933,0.05306896861092597,0,0,312.171875,1705.2235013634931,BAD
Type B Pancreatic Cell Proliferation (GO:0044342),1/5,0.004243143988996933,0.05306896861092597,0,0,312.171875,1705.2235013634931,BAD
Ventricular Compact Myocardium Morphogenesis (GO:0003223),1/5,0.004243143988996933,0.05306896861092597,0,0,312.171875,1705.2235013634931,DSP
Regulation Of Pentose-Phosphate Shunt (GO:0043456),1/5,0.004243143988996933,0.05306896861092597,0,0,312.171875,1705.2235013634931,MTOR
Bundle Of His cell-Purkinje Myocyte Adhesion Involved In Cell Communication (GO:0086073),1/5,0.004243143988996933,0.05306896861092597,0,0,312.171875,1705.2235013634931,DSP
Cellular Response To Magnesium Ion (GO:0071286),1/5,0.004243143988996933,0.05306896861092597,0,0,312.171875,1705.2235013634931,KCNA1
Regulation Of Inositol Phosphate Biosynthetic Process (GO:0010919),1/6,0.005089741453570572,0.05306896861092597,0,0,249.725,1318.6799159042428,PLEK
Positive Regulation Of Spindle Assembly (GO:1905832),1/6,0.005089741453570572,0.05306896861092597,0,0,249.725,1318.6799159042428,GPSM2
Cardiac Muscle Cell-Cardiac Muscle Cell Adhesion (GO:0086042),1/6,0.005089741453570572,0.05306896861092597,0,0,249.725,1318.6799159042428,DSP
Positive Regulation Of B Cell Receptor Signaling Pathway (GO:0050861),1/6,0.005089741453570572,0.05306896861092597,0,0,249.725,1318.6799159042428,PRKCB
Mitotic Nuclear Membrane Disassembly (GO:0007077),1/6,0.005089741453570572,0.05306896861092597,0,0,249.725,1318.6799159042428,PRKCB
Desmosome Organization (GO:0002934),1/6,0.005089741453570572,0.05306896861092597,0,0,249.725,1318.6799159042428,DSP
Detection Of Stimulus Involved In Sensory Perception Of Pain (GO:0062149),1/6,0.005089741453570572,0.05306896861092597,0,0,249.725,1318.6799159042428,KCNA1
Phosphorylation (GO:0016310),3/429,0.005327913199373906,0.05306896861092597,0,0,9.837525150905432,51.4974337416467,BCKDK;PRKCB;MTOR
Positive Regulation Of Membrane Potential (GO:0045838),1/7,0.005935661995124462,0.05306896861092597,0,0,208.09375,1066.8501922993223,BAD
Adenylate Cyclase-Inhibiting G Protein-Coupled Acetylcholine Receptor Signaling Pathway (GO:0007197),1/7,0.005935661995124462,0.05306896861092597,0,0,208.09375,1066.8501922993223,CHRM4
Regulation Of Myeloid Leukocyte Differentiation (GO:0002761),1/7,0.005935661995124462,0.05306896861092597,0,0,208.09375,1066.8501922993223,MTOR
Positive Regulation Of Tooth Mineralization (GO:0070172),1/7,0.005935661995124462,0.05306896861092597,0,0,208.09375,1066.8501922993223,CFTR
Regulation Of Protein Localization To Cell Cortex (GO:1904776),1/7,0.005935661995124462,0.05306896861092597,0,0,208.09375,1066.8501922993223,GPSM2
"Regulation Of Wound Healing, Spreading Of Epidermal Cells (GO:1903689)",1/7,0.005935661995124462,0.05306896861092597,0,0,208.09375,1066.8501922993223,MTOR
Positive Regulation Of Cellular Catabolic Process (GO:0031331),2/146,0.006698742643058796,0.05306896861092597,0,0,18.369444444444444,91.95441592882553,BAD;MTOR
Anoikis (GO:0043276),1/8,0.00678090602009761,0.05306896861092597,0,0,178.35714285714286,890.6521752159383,MTOR
Neuronal Action Potential (GO:0019228),1/8,0.00678090602009761,0.05306896861092597,0,0,178.35714285714286,890.6521752159383,KCNA1
Nuclear Membrane Disassembly (GO:0051081),1/8,0.00678090602009761,0.05306896861092597,0,0,178.35714285714286,890.6521752159383,PRKCB
Bundle Of His Cell To Purkinje Myocyte Communication (GO:0086069),1/8,0.00678090602009761,0.05306896861092597,0,0,178.35714285714286,890.6521752159383,DSP
Regulation Of Type B Pancreatic Cell Development (GO:2000074),1/8,0.00678090602009761,0.05306896861092597,0,0,178.35714285714286,890.6521752159383,BAD
Response To Magnesium Ion (GO:0032026),1/8,0.00678090602009761,0.05306896861092597,0,0,178.35714285714286,890.6521752159383,KCNA1
Positive Regulation Of Keratinocyte Migration (GO:0051549),1/9,0.007625473965426541,0.05306896861092597,0,0,156.0546875,760.9633551596094,MTOR
Positive Regulation Of Platelet Activation (GO:0010572),1/9,0.007625473965426541,0.05306896861092597,0,0,156.0546875,760.9633551596094,PLEK
Positive Regulation Of Transcription Of Nucleolar Large rRNA By RNA Polymerase I (GO:1901838),1/9,0.007625473965426541,0.05306896861092597,0,0,156.0546875,760.9633551596094,MTOR
Positive Regulation Of Vascular Endothelial Growth Factor Receptor Signaling Pathway (GO:0030949),1/9,0.007625473965426541,0.05306896861092597,0,0,156.0546875,760.9633551596094,PRKCB
Peptidyl-Serine Phosphorylation (GO:0018105),2/158,0.007802485607376553,0.05306896861092597,0,0,16.946153846153845,82.24498754883699,PRKCB;MTOR
Protein Autophosphorylation (GO:0046777),2/162,0.008187511263418977,0.05306896861092597,0,0,16.519166666666667,79.3769961068545,CSF1R;MTOR
Positive Regulation Of Integrin Activation (GO:0033625),1/10,0.00846936628057759,0.05306896861092597,0,0,138.70833333333334,661.8190142974174,PLEK
TORC1 Signaling (GO:0038202),1/10,0.00846936628057759,0.05306896861092597,0,0,138.70833333333334,661.8190142974174,MTOR
Negative Regulation Of Transmembrane Transport (GO:0034763),1/10,0.00846936628057759,0.05306896861092597,0,0,138.70833333333334,661.8190142974174,PRKCB
Protein Kinase C Signaling (GO:0070528),1/10,0.00846936628057759,0.05306896861092597,0,0,138.70833333333334,661.8190142974174,PLEK
Cellular Response To Forskolin (GO:1904322),1/10,0.00846936628057759,0.05306896861092597,0,0,138.70833333333334,661.8190142974174,CFTR
Cellular Response To Leucine (GO:0071233),1/10,0.00846936628057759,0.05306896861092597,0,0,138.70833333333334,661.8190142974174,MTOR
Monocyte Differentiation (GO:0030224),1/10,0.00846936628057759,0.05306896861092597,0,0,138.70833333333334,661.8190142974174,CSF1R
Positive Regulation Of Actin Filament Depolymerization (GO:0030836),1/10,0.00846936628057759,0.05306896861092597,0,0,138.70833333333334,661.8190142974174,PLEK
Response To Forskolin (GO:1904321),1/10,0.00846936628057759,0.05306896861092597,0,0,138.70833333333334,661.8190142974174,CFTR
Response To Leucine (GO:0043201),1/10,0.00846936628057759,0.05306896861092597,0,0,138.70833333333334,661.8190142974174,MTOR
Peptidyl-Serine Modification (GO:0018209),2/166,0.008581000495283724,0.05306896861092597,0,0,16.1130081300813,76.66899205398923,PRKCB;MTOR
Epithelial Cell-Cell Adhesion (GO:0090136),1/11,0.009312583434128836,0.05306896861092597,0,0,124.83125,583.7594513941907,DSP
Negative Regulation Of Glucose Transmembrane Transport (GO:0010829),1/11,0.009312583434128836,0.05306896861092597,0,0,124.83125,583.7594513941907,PRKCB
Negative Regulation Of Microtubule Polymerization (GO:0031115),1/11,0.009312583434128836,0.05306896861092597,0,0,124.83125,583.7594513941907,STMN2
Regulation Of Keratinocyte Migration (GO:0051547),1/11,0.009312583434128836,0.05306896861092597,0,0,124.83125,583.7594513941907,MTOR
Regulation Of Muscle System Process (GO:0090257),1/11,0.009312583434128836,0.05306896861092597,0,0,124.83125,583.7594513941907,KCNA1
Lipoprotein Transport (GO:0042953),1/11,0.009312583434128836,0.05306896861092597,0,0,124.83125,583.7594513941907,PRKCB
Regulation Of Ventricular Cardiac Muscle Cell Action Potential (GO:0098911),1/11,0.009312583434128836,0.05306896861092597,0,0,124.83125,583.7594513941907,DSP
Regulation Of Actin Filament Depolymerization (GO:0030834),1/11,0.009312583434128836,0.05306896861092597,0,0,124.83125,583.7594513941907,PLEK
Lipoprotein Localization (GO:0044872),1/12,0.01015512589560822,0.054864056786662584,0,0,113.47727272727272,520.8353408254836,PRKCB
Cell-Cell Junction Maintenance (GO:0045217),1/12,0.01015512589560822,0.054864056786662584,0,0,113.47727272727272,520.8353408254836,CSF1R
Cellular Response To Leucine Starvation (GO:1990253),1/12,0.01015512589560822,0.054864056786662584,0,0,113.47727272727272,520.8353408254836,MTOR
Negative Regulation Of Alcohol Biosynthetic Process (GO:1902931),1/12,0.01015512589560822,0.054864056786662584,0,0,113.47727272727272,520.8353408254836,PLEK
Phosphate-Containing Compound Metabolic Process (GO:0006796),2/184,0.010454972430598794,0.055759852963193565,0,0,14.506227106227106,66.15822477819844,BCKDK;MTOR
Positive Regulation Of Insulin Secretion Involved In Cellular Response To Glucose Stimulus (GO:0035774),1/13,0.010996994142530848,0.0557896288206443,0,0,104.015625,469.12433437564215,CFTR
Positive Regulation Of Macrophage Chemotaxis (GO:0010759),1/13,0.010996994142530848,0.0557896288206443,0,0,104.015625,469.12433437564215,CSF1R
Regulation Of Transcription Of Nucleolar Large rRNA By RNA Polymerase I (GO:1901836),1/13,0.010996994142530848,0.0557896288206443,0,0,104.015625,469.12433437564215,MTOR
Response To Nerve Growth Factor (GO:1990089),1/13,0.010996994142530848,0.0557896288206443,0,0,104.015625,469.12433437564215,STMN2
Positive Regulation Of Protein Metabolic Process (GO:0051247),2/196,0.011796443870131065,0.05611003545097185,0,0,13.600687285223367,60.38646889116274,BAD;MTOR
Regulation Of Integrin Activation (GO:0033623),1/14,0.01183818865932929,0.05611003545097185,0,0,96.0096153846154,425.9394239533147,PLEK
Mammary Gland Epithelium Development (GO:0061180),1/14,0.01183818865932929,0.05611003545097185,0,0,96.0096153846154,425.9394239533147,CSF1R
Detection Of Mechanical Stimulus Involved In Sensory Perception (GO:0050974),1/14,0.01183818865932929,0.05611003545097185,0,0,96.0096153846154,425.9394239533147,KCNA1
Regulation Of Bone Remodeling (GO:0046850),1/14,0.01183818865932929,0.05611003545097185,0,0,96.0096153846154,425.9394239533147,CSF1R
Anterograde Trans-Synaptic Signaling (GO:0098916),2/199,0.012143124102050274,0.05611003545097185,0,0,13.391539763113368,59.069977265842155,CHRM4;KCNA1
Regulation Of Cellular Response To Heat (GO:1900034),1/15,0.012678709933633065,0.05611003545097185,0,0,89.14732142857143,389.38044082427126,MTOR
Positive Regulation Of Transcription By RNA Polymerase III (GO:0045945),1/15,0.012678709933633065,0.05611003545097185,0,0,89.14732142857143,389.38044082427126,MTOR
Branched-Chain Amino Acid Metabolic Process (GO:0009081),1/15,0.012678709933633065,0.05611003545097185,0,0,89.14732142857143,389.38044082427126,BCKDK
Protein Localization To Cell-Cell Junction (GO:0150105),1/15,0.012678709933633065,0.05611003545097185,0,0,89.14732142857143,389.38044082427126,DSP
Positive Regulation Of Cell Activation (GO:0050867),1/15,0.012678709933633065,0.05611003545097185,0,0,89.14732142857143,389.38044082427126,PLEK
Regulation Of Carbohydrate Metabolic Process (GO:0006109),1/15,0.012678709933633065,0.05611003545097185,0,0,89.14732142857143,389.38044082427126,BCKDK
Activation Of Cysteine-Type Endopeptidase Activity (GO:0097202),1/16,0.013518558453539395,0.0561474694718824,0,0,83.2,358.0671608642671,BAD
Regulation Of B Cell Receptor Signaling Pathway (GO:0050855),1/16,0.013518558453539395,0.0561474694718824,0,0,83.2,358.0671608642671,PRKCB
Positive Regulation Of Leukocyte Proliferation (GO:0070665),1/17,0.014357734707201345,0.0561474694718824,0,0,77.99609375,330.9738092431344,CSF1R
G Protein-Coupled Acetylcholine Receptor Signaling Pathway (GO:0007213),1/17,0.014357734707201345,0.0561474694718824,0,0,77.99609375,330.9738092431344,CHRM4
Regulation Of Glucose Transmembrane Transport (GO:0010827),1/17,0.014357734707201345,0.0561474694718824,0,0,77.99609375,330.9738092431344,PRKCB
Branched-Chain Amino Acid Catabolic Process (GO:0009083),1/17,0.014357734707201345,0.0561474694718824,0,0,77.99609375,330.9738092431344,BCKDK
Carboxylic Acid Catabolic Process (GO:0046395),1/17,0.014357734707201345,0.0561474694718824,0,0,77.99609375,330.9738092431344,BCKDK
Microtubule Depolymerization (GO:0007019),1/17,0.014357734707201345,0.0561474694718824,0,0,77.99609375,330.9738092431344,STMN2
Positive Regulation Of Glycolytic Process (GO:0045821),1/18,0.015196239191186836,0.0561474694718824,0,0,73.40441176470588,307.3227868353231,MTOR
Positive Regulation Of Macrophage Migration (GO:1905523),1/18,0.015196239191186836,0.0561474694718824,0,0,73.40441176470588,307.3227868353231,CSF1R
Positive Regulation Of Phosphoprotein Phosphatase Activity (GO:0032516),1/18,0.015196239191186836,0.0561474694718824,0,0,73.40441176470588,307.3227868353231,MTOR
Actin Filament Capping (GO:0051693),1/18,0.015196239191186836,0.0561474694718824,0,0,73.40441176470588,307.3227868353231,ADD2
Regulation Of Mitochondrial Membrane Permeability (GO:0046902),1/18,0.015196239191186836,0.0561474694718824,0,0,73.40441176470588,307.3227868353231,BAD
Neuromuscular Process (GO:0050905),1/18,0.015196239191186836,0.0561474694718824,0,0,73.40441176470588,307.3227868353231,KCNA1
Barbed-End Actin Filament Capping (GO:0051016),1/18,0.015196239191186836,0.0561474694718824,0,0,73.40441176470588,307.3227868353231,ADD2
Cell Junction Maintenance (GO:0034331),1/18,0.015196239191186836,0.0561474694718824,0,0,73.40441176470588,307.3227868353231,CSF1R
Apoptotic Process (GO:0006915),2/228,0.01572204992770195,0.0561474694718824,0,0,11.65604719764012,48.403963435008826,BAD;MTOR
Regulation Of Granulocyte Chemotaxis (GO:0071622),1/19,0.01603407239546545,0.0561474694718824,0,0,69.32291666666667,286.5143387139707,CSF1R
Water Transport (GO:0006833),1/19,0.01603407239546545,0.0561474694718824,0,0,69.32291666666667,286.5143387139707,CFTR
Bicarbonate Transport (GO:0015701),1/19,0.01603407239546545,0.0561474694718824,0,0,69.32291666666667,286.5143387139707,CFTR
Pore Complex Assembly (GO:0046931),1/19,0.01603407239546545,0.0561474694718824,0,0,69.32291666666667,286.5143387139707,BAD
Multicellular Organismal-Level Water Homeostasis (GO:0050891),1/19,0.01603407239546545,0.0561474694718824,0,0,69.32291666666667,286.5143387139707,CFTR
Cortical Actin Cytoskeleton Organization (GO:0030866),1/19,0.01603407239546545,0.0561474694718824,0,0,69.32291666666667,286.5143387139707,PLEK
Regulation Of Behavior (GO:0050795),1/19,0.01603407239546545,0.0561474694718824,0,0,69.32291666666667,286.5143387139707,MTOR
Negative Regulation Of Microtubule Depolymerization (GO:0007026),1/20,0.016871234817272356,0.0561474694718824,0,0,65.67105263157895,268.0787715603985,STMN2
Negative Regulation Of Phosphate Metabolic Process (GO:0045936),1/20,0.016871234817272356,0.0561474694718824,0,0,65.67105263157895,268.0787715603985,PLEK
Regulation Of Macrophage Chemotaxis (GO:0010758),1/20,0.016871234817272356,0.0561474694718824,0,0,65.67105263157895,268.0787715603985,CSF1R
Cell Projection Organization (GO:0030030),1/20,0.016871234817272356,0.0561474694718824,0,0,65.67105263157895,268.0787715603985,PLEK
Regulation Of Spindle Organization (GO:0090224),1/20,0.016871234817272356,0.0561474694718824,0,0,65.67105263157895,268.0787715603985,GPSM2
Positive Regulation Of Antigen Receptor-Mediated Signaling Pathway (GO:0050857),1/20,0.016871234817272356,0.0561474694718824,0,0,65.67105263157895,268.0787715603985,PRKCB
Positive Regulation Of Epithelial Cell Differentiation (GO:0030858),1/20,0.016871234817272356,0.0561474694718824,0,0,65.67105263157895,268.0787715603985,BAD
Regulation Of Autophagy (GO:0010506),2/241,0.01745703716897542,0.05710398768786987,0,0,11.014783821478382,44.587981883343126,BAD;MTOR
Positive Regulation Of Translational Initiation (GO:0045948),1/21,0.01770772695128657,0.05710398768786987,0,0,62.384375,251.6432336564321,MTOR
Macrophage Differentiation (GO:0030225),1/21,0.01770772695128657,0.05710398768786987,0,0,62.384375,251.6432336564321,CSF1R
Cellular Response To Nerve Growth Factor Stimulus (GO:1990090),1/21,0.01770772695128657,0.05710398768786987,0,0,62.384375,251.6432336564321,STMN2
Negative Regulation Of Macroautophagy (GO:0016242),1/22,0.018543549289368706,0.057141603736128754,0,0,59.410714285714285,236.908142520545,MTOR
Negative Regulation Of Protein Localization To Nucleus (GO:1900181),1/22,0.018543549289368706,0.057141603736128754,0,0,59.410714285714285,236.908142520545,MTOR
Acetylcholine Receptor Signaling Pathway (GO:0095500),1/22,0.018543549289368706,0.057141603736128754,0,0,59.410714285714285,236.908142520545,CHRM4
Regulation Of Mononuclear Cell Migration (GO:0071675),1/22,0.018543549289368706,0.057141603736128754,0,0,59.410714285714285,236.908142520545,CSF1R
Regulation Of Vascular Endothelial Growth Factor Receptor Signaling Pathway (GO:0030947),1/22,0.018543549289368706,0.057141603736128754,0,0,59.410714285714285,236.908142520545,PRKCB
Negative Regulation Of G Protein-Coupled Receptor Signaling Pathway (GO:0045744),1/22,0.018543549289368706,0.057141603736128754,0,0,59.410714285714285,236.908142520545,PLEK
Negative Regulation Of Protein Depolymerization (GO:1901880),1/23,0.019378702334968384,0.058277280264381406,0,0,56.70738636363637,223.63015065372352,STMN2
Protein Localization To Cell Junction (GO:1902414),1/23,0.019378702334968384,0.058277280264381406,0,0,56.70738636363637,223.63015065372352,DSP
Positive Regulation Of Lipid Metabolic Process (GO:0045834),1/24,0.020213186577968428,0.058277280264381406,0,0,54.23913043478261,211.60963296162683,MTOR
Regulation Of Microtubule Depolymerization (GO:0031114),1/24,0.020213186577968428,0.058277280264381406,0,0,54.23913043478261,211.60963296162683,STMN2
Mononuclear Cell Differentiation (GO:1903131),1/24,0.020213186577968428,0.058277280264381406,0,0,54.23913043478261,211.60963296162683,CSF1R
Activation Of Protein Kinase B Activity (GO:0032148),1/25,0.021047002518984472,0.058277280264381406,0,0,51.9765625,200.68135849118187,MTOR
Osteoclast Differentiation (GO:0030316),1/25,0.021047002518984472,0.058277280264381406,0,0,51.9765625,200.68135849118187,CSF1R
Regulation Of Actin Cytoskeleton Reorganization (GO:2000249),1/25,0.021047002518984472,0.058277280264381406,0,0,51.9765625,200.68135849118187,CSF1R
Negative Regulation Of Signal Transduction (GO:0009968),2/267,0.02116049557650496,0.058277280264381406,0,0,9.921006289308176,38.25162284654888,PRKCB;PLEK
Negative Regulation Of Insulin Receptor Signaling Pathway (GO:0046627),1/26,0.02188015065344143,0.058277280264381406,0,0,49.895,190.70744238188936,PRKCB
Positive Regulation Of Microtubule Polymerization Or Depolymerization (GO:0031112),1/26,0.02188015065344143,0.058277280264381406,0,0,49.895,190.70744238188936,STMN2
Negative Regulation Of Protein Polymerization (GO:0032272),1/26,0.02188015065344143,0.058277280264381406,0,0,49.895,190.70744238188936,STMN2
Regulation Of Transcription By RNA Polymerase III (GO:0006359),1/26,0.02188015065344143,0.058277280264381406,0,0,49.895,190.70744238188936,MTOR
Regulation Of Actin Filament Bundle Assembly (GO:0032231),1/26,0.02188015065344143,0.058277280264381406,0,0,49.895,190.70744238188936,PLEK
Regulation Of Cardiac Muscle Cell Contraction (GO:0086004),1/26,0.02188015065344143,0.058277280264381406,0,0,49.895,190.70744238188936,DSP
Positive Regulation Of Cell Migration (GO:0030335),2/272,0.021907503884829843,0.058277280264381406,0,0,9.734814814814817,37.19600759286369,CSF1R;MTOR
Chemical Synaptic Transmission (GO:0007268),2/273,0.02205822820529637,0.058277280264381406,0,0,9.69840098400984,36.99037622069456,CHRM4;KCNA1
Regulation Of Insulin Secretion Involved In Cellular Response To Glucose Stimulus (GO:0061178),1/27,0.02271263147660753,0.058277280264381406,0,0,47.97355769230769,181.5719549673859,CFTR
Regulation Of Microtubule Polymerization Or Depolymerization (GO:0031110),1/27,0.02271263147660753,0.058277280264381406,0,0,47.97355769230769,181.5719549673859,STMN2
Peptide Cross-Linking (GO:0018149),1/27,0.02271263147660753,0.058277280264381406,0,0,47.97355769230769,181.5719549673859,DSP
Cellular Response To Acid Chemical (GO:0071229),1/27,0.02271263147660753,0.058277280264381406,0,0,47.97355769230769,181.5719549673859,MTOR
Microtubule Polymerization Or Depolymerization (GO:0031109),1/27,0.02271263147660753,0.058277280264381406,0,0,47.97355769230769,181.5719549673859,STMN2
Cortical Cytoskeleton Organization (GO:0030865),1/27,0.02271263147660753,0.058277280264381406,0,0,47.97355769230769,181.5719549673859,PLEK
Negative Regulation Of Cellular Response To Insulin Stimulus (GO:1900077),1/27,0.02271263147660753,0.058277280264381406,0,0,47.97355769230769,181.5719549673859,PRKCB
Regulation Of Glucose Metabolic Process (GO:0010906),1/28,0.0235444454896736,0.058277280264381406,0,0,46.19444444444444,173.1767519855369,BCKDK
Hematopoietic Progenitor Cell Differentiation (GO:0002244),1/28,0.0235444454896736,0.058277280264381406,0,0,46.19444444444444,173.1767519855369,PLEK
Regulation Of Lipid Biosynthetic Process (GO:0046890),1/28,0.0235444454896736,0.058277280264381406,0,0,46.19444444444444,173.1767519855369,MTOR
Regulation Of Platelet Activation (GO:0010543),1/28,0.0235444454896736,0.058277280264381406,0,0,46.19444444444444,173.1767519855369,PLEK
Primary Neural Tube Formation (GO:0014020),1/28,0.0235444454896736,0.058277280264381406,0,0,46.19444444444444,173.1767519855369,VASP
Protein Depolymerization (GO:0051261),1/28,0.0235444454896736,0.058277280264381406,0,0,46.19444444444444,173.1767519855369,STMN2
Cellular Response To Osmotic Stress (GO:0071470),1/28,0.0235444454896736,0.058277280264381406,0,0,46.19444444444444,173.1767519855369,MTOR
Regulation Of Bone Resorption (GO:0045124),1/28,0.0235444454896736,0.058277280264381406,0,0,46.19444444444444,173.1767519855369,CSF1R
Regulation Of Cardiac Muscle Cell Action Potential (GO:0098901),1/28,0.0235444454896736,0.058277280264381406,0,0,46.19444444444444,173.1767519855369,DSP
Establishment Of Mitotic Spindle Orientation (GO:0000132),1/29,0.02437559318750568,0.058277280264381406,0,0,44.542410714285715,165.43821595589523,GPSM2
Tube Closure (GO:0060606),1/29,0.02437559318750568,0.058277280264381406,0,0,44.542410714285715,165.43821595589523,VASP
TOR Signaling (GO:0031929),1/29,0.02437559318750568,0.058277280264381406,0,0,44.542410714285715,165.43821595589523,MTOR
Heterotypic Cell-Cell Adhesion (GO:0034113),1/29,0.02437559318750568,0.058277280264381406,0,0,44.542410714285715,165.43821595589523,DSP
Regulation Of Muscle Contraction (GO:0006937),1/29,0.02437559318750568,0.058277280264381406,0,0,44.542410714285715,165.43821595589523,KCNA1
Regulation Of Spindle Assembly (GO:0090169),1/29,0.02437559318750568,0.058277280264381406,0,0,44.542410714285715,165.43821595589523,GPSM2
Positive Regulation Of Locomotion (GO:0040017),1/30,0.025206075066878136,0.05890857993158037,0,0,43.00431034482759,158.28468525367578,CSF1R
Response To Amino Acid (GO:0043200),1/30,0.025206075066878136,0.05890857993158037,0,0,43.00431034482759,158.28468525367578,MTOR
Negative Regulation Of Carbohydrate Metabolic Process (GO:0045912),1/30,0.025206075066878136,0.05890857993158037,0,0,43.00431034482759,158.28468525367578,PLEK
Regulation Of Calcium-Mediated Signaling (GO:0050848),1/30,0.025206075066878136,0.05890857993158037,0,0,43.00431034482759,158.28468525367578,PLEK
Regulation Of Intracellular Signal Transduction (GO:1902531),2/297,0.025805604884620463,0.059266903220871865,0,0,8.898531073446328,32.543383642146736,CSF1R;MTOR
Negative Regulation Of Microtubule Polymerization Or Depolymerization (GO:0031111),1/31,0.026035891626597023,0.059266903220871865,0,0,41.56875,151.6544078957345,STMN2
Cellular Response To cAMP (GO:0071320),1/31,0.026035891626597023,0.059266903220871865,0,0,41.56875,151.6544078957345,CFTR
Neural Tube Closure (GO:0001843),1/32,0.026865043358944445,0.059266903220871865,0,0,40.225806451612904,145.49389961403264,VASP
Mitochondrial Membrane Organization (GO:0007006),1/32,0.026865043358944445,0.059266903220871865,0,0,40.225806451612904,145.49389961403264,BAD
Purine Ribonucleoside Triphosphate Metabolic Process (GO:0009205),1/32,0.026865043358944445,0.059266903220871865,0,0,40.225806451612904,145.49389961403264,BAD
Regulation Of Transmembrane Transport (GO:0034762),1/32,0.026865043358944445,0.059266903220871865,0,0,40.225806451612904,145.49389961403264,PRKCB
Epithelial Tube Morphogenesis (GO:0060562),1/33,0.02769353076527467,0.059266903220871865,0,0,38.966796875,139.75661625657744,CSF1R
Positive Regulation Of Ion Transmembrane Transporter Activity (GO:0032414),1/33,0.02769353076527467,0.059266903220871865,0,0,38.966796875,139.75661625657744,CFTR
Ventricular Cardiac Muscle Tissue Morphogenesis (GO:0055010),1/33,0.02769353076527467,0.059266903220871865,0,0,38.966796875,139.75661625657744,DSP
Actin Filament Bundle Assembly (GO:0051017),1/33,0.02769353076527467,0.059266903220871865,0,0,38.966796875,139.75661625657744,ADD2
Actin Filament Bundle Organization (GO:0061572),1/33,0.02769353076527467,0.059266903220871865,0,0,38.966796875,139.75661625657744,ADD2
Positive Regulation Of Protein Dephosphorylation (GO:0035307),1/33,0.02769353076527467,0.059266903220871865,0,0,38.966796875,139.75661625657744,MTOR
Negative Regulation Of Small Molecule Metabolic Process (GO:0062014),1/33,0.02769353076527467,0.059266903220871865,0,0,38.966796875,139.75661625657744,BCKDK
Inositol Lipid-Mediated Signaling (GO:0048017),1/33,0.02769353076527467,0.059266903220871865,0,0,38.966796875,139.75661625657744,CSF1R
Positive Regulation Of Small Molecule Metabolic Process (GO:0062013),1/33,0.02769353076527467,0.059266903220871865,0,0,38.966796875,139.75661625657744,MTOR
ATP Metabolic Process (GO:0046034),1/34,0.02852135433875477,0.059266903220871865,0,0,37.78409090909091,134.401872793062,BAD
Establishment Of Mitotic Spindle Localization (GO:0040001),1/34,0.02852135433875477,0.059266903220871865,0,0,37.78409090909091,134.401872793062,GPSM2
Apoptotic Mitochondrial Changes (GO:0008637),1/34,0.02852135433875477,0.059266903220871865,0,0,37.78409090909091,134.401872793062,BAD
Positive Regulation Of Transcription By RNA Polymerase I (GO:0045943),1/34,0.02852135433875477,0.059266903220871865,0,0,37.78409090909091,134.401872793062,MTOR
Positive Regulation Of Carbohydrate Metabolic Process (GO:0045913),1/34,0.02852135433875477,0.059266903220871865,0,0,37.78409090909091,134.401872793062,MTOR
Establishment Of Spindle Orientation (GO:0051294),1/35,0.029348514575720203,0.059266903220871865,0,0,36.67095588235294,129.39395719366985,GPSM2
Action Potential (GO:0001508),1/35,0.029348514575720203,0.059266903220871865,0,0,36.67095588235294,129.39395719366985,KCNA1
One-Carbon Compound Transport (GO:0019755),1/35,0.029348514575720203,0.059266903220871865,0,0,36.67095588235294,129.39395719366985,CFTR
Cellular Response To Amino Acid Stimulus (GO:0071230),1/35,0.029348514575720203,0.059266903220871865,0,0,36.67095588235294,129.39395719366985,MTOR
Platelet Aggregation (GO:0070527),1/35,0.029348514575720203,0.059266903220871865,0,0,36.67095588235294,129.39395719366985,PLEK
Response To Nutrient Levels (GO:0031667),1/35,0.029348514575720203,0.059266903220871865,0,0,36.67095588235294,129.39395719366985,MTOR
Positive Regulation Of Cell Development (GO:0010720),1/35,0.029348514575720203,0.059266903220871865,0,0,36.67095588235294,129.39395719366985,BAD
Lytic Vacuole Organization (GO:0080171),1/36,0.03017501197648502,0.06064156996240467,0,0,35.621428571428574,124.70139957851625,MTOR
Regulation Of Phosphoprotein Phosphatase Activity (GO:0043666),1/37,0.031000847034435945,0.061416475054626773,0,0,34.630208333333336,120.29636590931148,MTOR
Positive Regulation Of Exocytosis (GO:0045921),1/37,0.031000847034435945,0.061416475054626773,0,0,34.630208333333336,120.29636590931148,CFTR
Protein-Containing Complex Assembly (GO:0065003),2/328,0.03100350904199909,0.061416475054626773,0,0,8.039672801635993,27.927048709243003,BAD;ADD2
Positive Regulation Of Protein Tyrosine Kinase Activity (GO:0061098),1/38,0.03182602024276041,0.062157861131400614,0,0,33.692567567567565,116.15415220409751,CSF1R
Amino Acid Catabolic Process (GO:0009063),1/38,0.03182602024276041,0.062157861131400614,0,0,33.692567567567565,116.15415220409751,BCKDK
Response To cAMP (GO:0051591),1/38,0.03182602024276041,0.062157861131400614,0,0,33.692567567567565,116.15415220409751,CFTR
Positive Regulation Of Lipid Biosynthetic Process (GO:0046889),1/39,0.03265053210550882,0.06244548597164199,0,0,32.80427631578947,112.25276043705767,MTOR
Regulation Of Mitochondrial Membrane Potential (GO:0051881),1/39,0.03265053210550882,0.06244548597164199,0,0,32.80427631578947,112.25276043705767,BAD
Regulation Of Mitotic Spindle Organization (GO:0060236),1/39,0.03265053210550882,0.06244548597164199,0,0,32.80427631578947,112.25276043705767,GPSM2
Regulation Of Protein Tyrosine Kinase Activity (GO:0061097),1/39,0.03265053210550882,0.06244548597164199,0,0,32.80427631578947,112.25276043705767,CSF1R
Regulation Of Glycolytic Process (GO:0006110),1/40,0.033474383104990776,0.06244548597164199,0,0,31.96153846153846,108.57254123777712,MTOR
Negative Regulation Of Protein Localization (GO:1903828),1/40,0.033474383104990776,0.06244548597164199,0,0,31.96153846153846,108.57254123777712,MTOR
Regulation Of Microtubule Cytoskeleton Organization (GO:0070507),1/40,0.033474383104990776,0.06244548597164199,0,0,31.96153846153846,108.57254123777712,STMN2
Regulation Of Microtubule Polymerization (GO:0031113),1/40,0.033474383104990776,0.06244548597164199,0,0,31.96153846153846,108.57254123777712,STMN2
Positive Regulation Of Wound Healing (GO:0090303),1/40,0.033474383104990776,0.06244548597164199,0,0,31.96153846153846,108.57254123777712,MTOR
Regulation Of Small Molecule Metabolic Process (GO:0062012),1/40,0.033474383104990776,0.06244548597164199,0,0,31.96153846153846,108.57254123777712,BCKDK
Regulation Of Chemokine Production (GO:0032642),1/41,0.03429757374718933,0.06257802929311737,0,0,31.1609375,105.09589136420657,CSF1R
Regulation Of Heart Rate By Cardiac Conduction (GO:0086091),1/41,0.03429757374718933,0.06257802929311737,0,0,31.1609375,105.09589136420657,DSP
Regulation Of Release Of Cytochrome C From Mitochondria (GO:0090199),1/41,0.03429757374718933,0.06257802929311737,0,0,31.1609375,105.09589136420657,BAD
Positive Regulation Of Actin Filament Polymerization (GO:0030838),1/41,0.03429757374718933,0.06257802929311737,0,0,31.1609375,105.09589136420657,VASP
Response To Amino Acid Starvation (GO:1990928),1/41,0.03429757374718933,0.06257802929311737,0,0,31.1609375,105.09589136420657,MTOR
Keratinocyte Differentiation (GO:0030216),1/42,0.035120104519504855,0.06324659515200874,0,0,30.39939024390244,101.80699657630194,DSP
Regulation Of Osteoclast Differentiation (GO:0045670),1/42,0.035120104519504855,0.06324659515200874,0,0,30.39939024390244,101.80699657630194,MTOR
Cellular Response To Amino Acid Starvation (GO:0034198),1/42,0.035120104519504855,0.06324659515200874,0,0,30.39939024390244,101.80699657630194,MTOR
Lysosome Organization (GO:0007040),1/43,0.03594197592289709,0.06417108147607378,0,0,29.674107142857142,98.6916120526478,MTOR
Regulation Of Cellular Component Size (GO:0032535),1/43,0.03594197592289709,0.06417108147607378,0,0,29.674107142857142,98.6916120526478,MTOR
Regulation Of Insulin Receptor Signaling Pathway (GO:0046626),1/44,0.036763188444542634,0.06480290844461753,0,0,28.982558139534884,95.73687423595388,PRKCB
Cellular Response To Ketone (GO:1901655),1/44,0.036763188444542634,0.06480290844461753,0,0,28.982558139534884,95.73687423595388,CFTR
Positive Regulation Of Biosynthetic Process (GO:0009891),1/44,0.036763188444542634,0.06480290844461753,0,0,28.982558139534884,95.73687423595388,MTOR
Zymogen Activation (GO:0031638),1/45,0.03758374258298183,0.06596977601063478,0,0,28.322443181818183,92.93113891804632,BAD
B Cell Receptor Signaling Pathway (GO:0050853),1/46,0.03840363883149023,0.0660161725367766,0,0,27.691666666666663,90.26384147630849,PRKCB
Positive Regulation Of Peptide Hormone Secretion (GO:0090277),1/46,0.03840363883149023,0.0660161725367766,0,0,27.691666666666663,90.26384147630849,BAD
Homotypic Cell-Cell Adhesion (GO:0034109),1/46,0.03840363883149023,0.0660161725367766,0,0,27.691666666666663,90.26384147630849,PLEK
Cardiac Conduction (GO:0061337),1/46,0.03840363883149023,0.0660161725367766,0,0,27.691666666666663,90.26384147630849,DSP
Negative Regulation Of Cellular Metabolic Process (GO:0031324),1/46,0.03840363883149023,0.0660161725367766,0,0,27.691666666666663,90.26384147630849,BCKDK
Regulation Of Signal Transduction By P53 Class Mediator (GO:1901796),1/47,0.0392228776844792,0.06659884537446263,0,0,27.088315217391305,87.72537577432398,MTOR
Response To Organonitrogen Compound (GO:0010243),1/47,0.0392228776844792,0.06659884537446263,0,0,27.088315217391305,87.72537577432398,MTOR
Positive Regulation Of Epithelial To Mesenchymal Transition (GO:0010718),1/47,0.0392228776844792,0.06659884537446263,0,0,27.088315217391305,87.72537577432398,MTOR
Post-Translational Protein Modification (GO:0043687),1/48,0.0400414596344939,0.067166319386893,0,0,26.51063829787234,85.306988915029,PRKCB
Cellular Response To Mechanical Stimulus (GO:0071260),1/48,0.0400414596344939,0.067166319386893,0,0,26.51063829787234,85.306988915029,BAD
Chloride Transmembrane Transport (GO:1902476),1/48,0.0400414596344939,0.067166319386893,0,0,26.51063829787234,85.306988915029,CFTR
"G Protein-Coupled Receptor Signaling Pathway, Coupled To Cyclic Nucleotide Second Messenger (GO:0007187)",1/50,0.04167665479123348,0.0693499535726125,0,0,25.426020408163264,80.79916728086499,CHRM4
Negative Regulation Of Cell Projection Organization (GO:0031345),1/50,0.04167665479123348,0.0693499535726125,0,0,25.426020408163264,80.79916728086499,STMN2
Positive Regulation Of Multicellular Organismal Process (GO:0051240),2/387,0.041937023704905575,0.0695051866981702,0,0,6.787186147186147,21.52614606767898,BAD;MTOR
Positive Regulation Of Protein Localization To Cell Periphery (GO:1904377),1/51,0.04249326897973699,0.06959527517941176,0,0,24.91625,78.6957230101767,GPSM2
Regulated Exocytosis (GO:0045055),1/51,0.04249326897973699,0.06959527517941176,0,0,24.91625,78.6957230101767,PLEK
Positive Regulation Of Actin Filament Bundle Assembly (GO:0032233),1/51,0.04249326897973699,0.06959527517941176,0,0,24.91625,78.6957230101767,PLEK
Adenylate Cyclase-Inhibiting G Protein-Coupled Receptor Signaling Pathway (GO:0007193),1/52,0.04330922824403911,0.07001760491692133,0,0,24.426470588235293,76.68420634351111,CHRM4
Regulation Of Protein Localization To Nucleus (GO:1900180),1/52,0.04330922824403911,0.07001760491692133,0,0,24.426470588235293,76.68420634351111,MTOR
Regulation Of Proteolysis (GO:0030162),1/52,0.04330922824403911,0.07001760491692133,0,0,24.426470588235293,76.68420634351111,BAD
Actin Cytoskeleton Reorganization (GO:0031532),1/53,0.04412453306089756,0.07001760491692133,0,0,23.955528846153847,74.75896142380645,PLEK
Cellular Response To Alcohol (GO:0097306),1/53,0.04412453306089756,0.07001760491692133,0,0,23.955528846153847,74.75896142380645,CFTR
Mitochondrial Transport (GO:0006839),1/53,0.04412453306089756,0.07001760491692133,0,0,23.955528846153847,74.75896142380645,BAD
Positive Regulation Of Chemokine Production (GO:0032722),1/53,0.04412453306089756,0.07001760491692133,0,0,23.955528846153847,74.75896142380645,CSF1R
Epidermal Cell Differentiation (GO:0009913),1/54,0.04493918392504326,0.07001760491692133,0,0,23.50235849056604,72.91477862029602,DSP
Positive Regulation Of Leukocyte Chemotaxis (GO:0002690),1/54,0.04493918392504326,0.07001760491692133,0,0,23.50235849056604,72.91477862029602,CSF1R
Regulation Of Exocytosis (GO:0017157),1/54,0.04493918392504326,0.07001760491692133,0,0,23.50235849056604,72.91477862029602,CFTR
Negative Regulation Of Neuron Projection Development (GO:0010977),1/54,0.04493918392504326,0.07001760491692133,0,0,23.50235849056604,72.91477862029602,STMN2
Peptidyl-Tyrosine Modification (GO:0018212),1/54,0.04493918392504326,0.07001760491692133,0,0,23.50235849056604,72.91477862029602,CSF1R
Monoatomic Anion Transmembrane Transport (GO:0098656),1/54,0.04493918392504326,0.07001760491692133,0,0,23.50235849056604,72.91477862029602,CFTR
Cellular Response To Oxygen-Containing Compound (GO:1901701),2/406,0.04572973731139864,0.07075584918710431,0,0,6.461716171617161,19.93443629797964,MTOR;CFTR
Positive Regulation Of Tyrosine Phosphorylation Of STAT Protein (GO:0042531),1/55,0.04575318132531505,0.07075584918710431,0,0,23.06597222222222,71.14685182827375,CSF1R
Positive Regulation Of Mitochondrion Organization (GO:0010822),1/58,0.0481912576899168,0.07425023407039033,0,0,21.848684210526315,66.25783142102262,BAD
Positive Regulation Of Protein Binding (GO:0032092),1/59,0.04900264615895895,0.07467069890888982,0,0,21.470905172413794,64.75369451323282,ADD2
Positive Regulation Of Proteolysis (GO:0045862),1/59,0.04900264615895895,0.07467069890888982,0,0,21.470905172413794,64.75369451323282,BAD
Microtubule Cytoskeleton Organization Involved In Mitosis (GO:1902850),1/59,0.04900264615895895,0.07467069890888982,0,0,21.470905172413794,64.75369451323282,GPSM2
Positive Regulation Of Organelle Assembly (GO:1902117),1/61,0.05062347055509756,0.07657950454880214,0,0,20.753125,61.91362721672603,GPSM2
Negative Regulation Of Autophagy (GO:0010507),1/61,0.05062347055509756,0.07657950454880214,0,0,20.753125,61.91362721672603,MTOR
Phosphatidylinositol-Mediated Signaling (GO:0048015),1/62,0.05143290746308376,0.077522063422619,0,0,20.41188524590164,60.57180179742927,CSF1R
Inorganic Anion Transmembrane Transport (GO:0098661),1/63,0.05224169482431419,0.07845684132460182,0,0,20.081653225806452,59.278517093016504,CFTR
Positive Regulation Of Cysteine-Type Endopeptidase Activity (GO:2001056),1/64,0.05304983313042494,0.07938392295775819,0,0,19.761904761904763,58.03129891278581,BAD
Regulation Of Translational Initiation (GO:0006446),1/65,0.05385732286437942,0.08001659396993514,0,0,19.4521484375,56.82783515327219,MTOR
Regulation Of Tyrosine Phosphorylation Of STAT Protein (GO:0042509),1/65,0.05385732286437942,0.08001659396993514,0,0,19.4521484375,56.82783515327219,CSF1R
Extrinsic Apoptotic Signaling Pathway (GO:0097191),1/67,0.05547035859254033,0.08125235624822809,0,0,18.860795454545453,54.54365659888903,BAD
Activation Of Cysteine-Type Endopeptidase Activity Involved In Apoptotic Process (GO:0006919),1/67,0.05547035859254033,0.08125235624822809,0,0,18.860795454545453,54.54365659888903,BAD
Peptidyl-Tyrosine Phosphorylation (GO:0018108),1/67,0.05547035859254033,0.08125235624822809,0,0,18.860795454545453,54.54365659888903,CSF1R
Negative Regulation Of Cellular Catabolic Process (GO:0031330),1/67,0.05547035859254033,0.08125235624822809,0,0,18.860795454545453,54.54365659888903,MTOR
Intermediate Filament Organization (GO:0045109),1/68,0.056275905553084066,0.08185586262266774,0,0,18.578358208955223,53.4590176825742,DSP
Skin Development (GO:0043588),1/68,0.056275905553084066,0.08185586262266774,0,0,18.578358208955223,53.4590176825742,DSP
Positive Regulation Of Protein Polymerization (GO:0032273),1/70,0.05788506010088898,0.08303512069644764,0,0,18.03804347826087,51.3957243555944,VASP
Regulation Of G Protein-Coupled Receptor Signaling Pathway (GO:0008277),1/70,0.05788506010088898,0.08303512069644764,0,0,18.03804347826087,51.3957243555944,PLEK
Regulation Of Actin Filament Polymerization (GO:0030833),1/70,0.05788506010088898,0.08303512069644764,0,0,18.03804347826087,51.3957243555944,VASP
Regulation Of Actin Filament-Based Process (GO:0032970),1/70,0.05788506010088898,0.08303512069644764,0,0,18.03804347826087,51.3957243555944,MTOR
Negative Regulation Of Supramolecular Fiber Organization (GO:1902904),1/71,0.05868866866009026,0.08361125398149845,0,0,17.779464285714287,50.413824044500984,STMN2
Myeloid Leukocyte Differentiation (GO:0002573),1/71,0.05868866866009026,0.08361125398149845,0,0,17.779464285714287,50.413824044500984,CSF1R
Positive Regulation Of Secretion By Cell (GO:1903532),1/73,0.06029395078422422,0.08560506322947875,0,0,17.283854166666668,48.54211057952261,CFTR
Positive Regulation Of Cell Population Proliferation (GO:0008284),2/483,0.06232974416089052,0.0881944679283349,0,0,5.405959805959806,15.0032496249165,CSF1R;BAD
Positive Regulation Of Protein Secretion (GO:0050714),1/76,0.06269704374316237,0.08841345829544253,0,0,16.59,45.94502588618206,BAD
Monoatomic Cation Homeostasis (GO:0055080),1/77,0.0634967886050346,0.08893826282725387,0,0,16.370888157894736,45.13070700420213,KCNA1
Chloride Transport (GO:0006821),1/77,0.0634967886050346,0.08893826282725387,0,0,16.370888157894736,45.13070700420213,CFTR
Cellular Response To Nutrient Levels (GO:0031669),1/78,0.06429589121525492,0.08975533807230217,0,0,16.157467532467532,44.340284579943855,MTOR
Wound Healing (GO:0042060),1/80,0.06589217159861402,0.09167606483285427,0,0,15.746835443037977,42.82722951905598,DSP
Positive Regulation Of Growth (GO:0045927),1/81,0.06668935033874882,0.09216867023561298,0,0,15.54921875,42.10277516212065,MTOR
Activation Of Protein Kinase Activity (GO:0032147),1/81,0.06668935033874882,0.09216867023561298,0,0,15.54921875,42.10277516212065,MTOR
Cellular Response To Organic Substance (GO:0071310),1/82,0.06748588875841267,0.0929606944486744,0,0,15.35648148148148,41.39856725730863,CSF1R
Regulation Of Epithelial To Mesenchymal Transition (GO:0010717),1/83,0.06828178733054555,0.09346177949413675,0,0,15.16844512195122,40.713808681356575,MTOR
Regulation Of Cysteine-Type Endopeptidase Activity Involved In Apoptotic Process (GO:0043281),1/84,0.06907704654570627,0.09346177949413675,0,0,14.984939759036145,40.0477427233344,BAD
Purine Ribonucleotide Metabolic Process (GO:0009150),1/84,0.06907704654570627,0.09346177949413675,0,0,14.984939759036145,40.0477427233344,BAD
Epidermis Development (GO:0008544),1/85,0.06987166688143397,0.09346177949413675,0,0,14.805803571428571,39.39965059231033,DSP
Regulation Of Kinase Activity (GO:0043549),1/85,0.06987166688143397,0.09346177949413675,0,0,14.805803571428571,39.39965059231033,CSF1R
Integrin-Mediated Signaling Pathway (GO:0007229),1/85,0.06987166688143397,0.09346177949413675,0,0,14.805803571428571,39.39965059231033,PLEK
Macromolecule Catabolic Process (GO:0009057),1/85,0.06987166688143397,0.09346177949413675,0,0,14.805803571428571,39.39965059231033,MTOR
Mitotic Spindle Organization (GO:0007052),1/85,0.06987166688143397,0.09346177949413675,0,0,14.805803571428571,39.39965059231033,GPSM2
Positive Regulation Of Amide Metabolic Process (GO:0034250),1/85,0.06987166688143397,0.09346177949413675,0,0,14.805803571428571,39.39965059231033,MTOR
Glucose Homeostasis (GO:0042593),1/87,0.07145899283790368,0.09497425246187836,0,0,14.460029069767442,38.15468849161774,BAD
Regulation Of Insulin Secretion (GO:0050796),1/87,0.07145899283790368,0.09497425246187836,0,0,14.460029069767442,38.15468849161774,BAD
Organic Anion Transport (GO:0015711),1/89,0.07304376905454353,0.09646415214822256,0,0,14.129971590909092,36.97384637926978,CFTR
Cellular Response To Chemical Stress (GO:0062197),1/89,0.07304376905454353,0.09646415214822256,0,0,14.129971590909092,36.97384637926978,MTOR
Regulation Of Epithelial Cell Proliferation (GO:0050678),1/91,0.07462599934884333,0.09793191081740954,0,0,13.814583333333331,35.852522791117856,BAD
Positive Regulation Of Binding (GO:0051099),1/91,0.07462599934884333,0.09793191081740954,0,0,13.814583333333331,35.852522791117856,ADD2
B Cell Activation (GO:0042113),1/92,0.0754161609714499,0.09834834784991583,0,0,13.662087912087912,35.31285890817634,PRKCB
Positive Regulation Of Neuron Projection Development (GO:0010976),1/92,0.0754161609714499,0.09834834784991583,0,0,13.662087912087912,35.31285890817634,STMN2
Positive Regulation Of Cellular Component Biogenesis (GO:0044089),1/93,0.07620568756138293,0.09906739382979782,0,0,13.512907608695652,34.78653722330656,PLEK
Positive Regulation Of Epithelial Cell Migration (GO:0010634),1/95,0.0777828375206224,0.10080268040055736,0,0,13.22406914893617,33.77208362032262,MTOR
Regulation Of Macroautophagy (GO:0016241),1/96,0.07857046186584668,0.1015071805471808,0,0,13.08421052631579,33.28308421675135,MTOR
Positive Regulation Of Protein-Containing Complex Assembly (GO:0031334),1/98,0.08014381161944185,0.1032192744077022,0,0,12.813144329896907,32.33951284796603,PLEK
Protein Catabolic Process (GO:0030163),1/102,0.08328292883718645,0.10693116788972087,0,0,12.303217821782178,30.57979168054389,MTOR
Positive Regulation Of Kinase Activity (GO:0033674),1/104,0.0848487039018828,0.10827319270915106,0,0,12.063106796116504,29.7583039952957,CSF1R
Positive Regulation Of Vasculature Development (GO:1904018),1/104,0.0848487039018828,0.10827319270915106,0,0,12.063106796116504,29.7583039952957,PRKCB
Intrinsic Apoptotic Signaling Pathway (GO:0097193),1/105,0.0856306472143875,0.10893684783237063,0,0,11.946514423076923,29.361092234542827,BAD
Positive Regulation Of Cell Growth (GO:0030307),1/106,0.08641196167957486,0.10959565871555836,0,0,11.832142857142856,28.97253011271759,MTOR
Regulation Of Cellular Response To Stress (GO:0080135),1/107,0.08719264777091836,0.1099155802203092,0,0,11.71992924528302,28.59235270387481,MTOR
Positive Regulation Of Autophagy (GO:0010508),1/107,0.08719264777091836,0.1099155802203092,0,0,11.71992924528302,28.59235270387481,BAD
Positive Regulation Of Translation (GO:0045727),1/108,0.08797270596617715,0.11056388423543714,0,0,11.60981308411215,28.22030554114064,MTOR
Positive Regulation Of Cysteine-Type Endopeptidase Activity Involved In Apoptotic Process (GO:0043280),1/109,0.08875213672437633,0.11120749661849565,0,0,11.50173611111111,27.856144115209812,BAD
Positive Regulation Of Cellular Process (GO:0048522),2/594,0.08929068422700948,0.11154632023554335,0,0,4.367342342342343,10.55087944531545,CSF1R;MTOR
Cytoskeleton Organization (GO:0007010),1/111,0.09030911785300354,0.1124808174456571,0,0,11.291477272727272,27.150547372191404,MTOR
Regulation Of Protein Serine/Threonine Kinase Activity (GO:0071900),1/112,0.0910866691723313,0.11311061007668602,0,0,11.18918918918919,26.808668657669458,CSF1R
Regulation Of Cytoskeleton Organization (GO:0051493),1/114,0.0926398956677498,0.1143566664622668,0,0,10.99004424778761,26.145704218206465,MTOR
Response To Endoplasmic Reticulum Stress (GO:0034976),1/114,0.0926398956677498,0.1143566664622668,0,0,10.99004424778761,26.145704218206465,CFTR
Positive Regulation Of Protein Serine/Threonine Kinase Activity (GO:0071902),1/117,0.09496505211819369,0.11679579069590476,0,0,10.704202586206897,25.200329627429216,CSF1R
Regulation Of Protein Binding (GO:0043393),1/118,0.09573885727717192,0.11679579069590476,0,0,10.612179487179487,24.89756359905353,ADD2
Positive Regulation Of Cell Cycle Process (GO:0090068),1/118,0.09573885727717192,0.11679579069590476,0,0,10.612179487179487,24.89756359905353,GPSM2
Positive Regulation Of Cell Projection Organization (GO:0031346),1/118,0.09573885727717192,0.11679579069590476,0,0,10.612179487179487,24.89756359905353,STMN2
Positive Regulation Of Angiogenesis (GO:0045766),1/119,0.0965120397246519,0.1173947617703368,0,0,10.521716101694915,24.60069304778728,PRKCB
Positive Regulation Of Macromolecule Biosynthetic Process (GO:0010557),1/122,0.09882785548789488,0.11951275547373331,0,0,10.259297520661155,23.743869658838804,MTOR
Potassium Ion Transport (GO:0006813),1/122,0.09882785548789488,0.11951275547373331,0,0,10.259297520661155,23.743869658838804,KCNA1
Positive Regulation Of Epithelial Cell Proliferation (GO:0050679),1/123,0.09959855178794876,0.11974854781441238,0,0,10.17469262295082,23.46902388912111,BAD
Regulation Of Cell Motility (GO:2000145),1/123,0.09959855178794876,0.11974854781441238,0,0,10.17469262295082,23.46902388912111,CSF1R
Neuron Projection Guidance (GO:0097485),1/124,0.10036862772410408,0.11998088831387156,0,0,10.091463414634148,23.19932168971406,VASP
Enzyme-Linked Receptor Protein Signaling Pathway (GO:0007167),1/124,0.10036862772410408,0.11998088831387156,0,0,10.091463414634148,23.19932168971406,CSF1R
Response To Cytokine (GO:0034097),1/125,0.10113808374787076,0.12055427747597204,0,0,10.009576612903226,22.93462789217583,CSF1R
Cellular Response To Starvation (GO:0009267),1/126,0.1019069203374555,0.12112365388680428,0,0,9.929,22.67481190493372,MTOR
Positive Regulation Of Peptidyl-Tyrosine Phosphorylation (GO:0050731),1/130,0.10497608175602371,0.1244160968960281,0,0,9.619186046511627,21.68186416197504,CSF1R
Antigen Receptor-Mediated Signaling Pathway (GO:0050851),1/134,0.10803536962538858,0.12767816410273197,0,0,9.328007518796992,20.757583499762795,PRKCB
Cellular Response To Metal Ion (GO:0071248),1/135,0.1087986523383489,0.1282159755602072,0,0,9.257929104477611,20.536459850114344,KCNA1
Potassium Ion Transmembrane Transport (GO:0071805),1/137,0.11032337391025118,0.12928034801877322,0,0,9.120863970588236,20.1054803872225,KCNA1
Negative Regulation Of Cellular Biosynthetic Process (GO:0031327),1/137,0.11032337391025118,0.12928034801877322,0,0,9.120863970588236,20.1054803872225,PLEK
Positive Regulation Of Transferase Activity (GO:0051347),1/143,0.11488282122106264,0.1342450944605676,0,0,8.732834507042254,18.89647946482192,CSF1R
Ras Protein Signal Transduction (GO:0007265),1/144,0.11564058767870695,0.13437565495626286,0,0,8.671328671328672,18.70638228706727,GPSM2
Actin Filament Organization (GO:0007015),1/144,0.11564058767870695,0.13437565495626286,0,0,8.671328671328672,18.70638228706727,MARCKS
Positive Regulation Of Protein Kinase Activity (GO:0045860),1/145,0.11639774352560338,0.13487872230264905,0,0,8.610677083333334,18.51934596571155,CSF1R
Regulation Of Apoptotic Process (GO:0042981),2/705,0.11914652074414958,0.13761449406585222,0,0,3.656709340919867,7.779288119663601,BAD;MTOR
Axon Guidance (GO:0007411),1/149,0.11942027009079964,0.13761449406585222,0,0,8.376266891891891,17.800457761712213,VASP
Neuron Development (GO:0048666),1/150,0.12017437982499952,0.13810094477127016,0,0,8.319630872483222,17.627728951176998,STMN2
Cellular Response To Organic Cyclic Compound (GO:0071407),1/152,0.12168077621173076,0.139063744241978,0,0,8.208609271523178,17.290239041489134,CFTR
Positive Regulation Of NF-kappaB Transcription Factor Activity (GO:0051092),1/152,0.12168077621173076,0.139063744241978,0,0,8.208609271523178,17.290239041489134,PRKCB
Regulation Of Cellular Component Organization (GO:0051128),1/153,0.12243306380753788,0.13954014943544044,0,0,8.154194078947368,17.12536351840853,MTOR
Cellular Response To Growth Factor Stimulus (GO:0071363),1/155,0.12393582001851285,0.1408669429718616,0,0,8.047483766233766,16.803077119770684,STMN2
Metal Ion Transport (GO:0030001),1/171,0.13587097741747045,0.1540117891162608,0,0,7.284191176470588,14.539606439798138,KCNA1
Regulation Of Neuron Projection Development (GO:0010975),1/174,0.13809171279892649,0.1556806301472992,0,0,7.156791907514451,14.169283059165462,STMN2
Positive Regulation Of Cellular Biosynthetic Process (GO:0031328),1/174,0.13809171279892649,0.1556806301472992,0,0,7.156791907514451,14.169283059165462,MTOR
Positive Regulation Of I-kappaB kinase/NF-kappaB Signaling (GO:0043123),1/175,0.1388307635073444,0.1560908043758251,0,0,7.115301724137931,14.04916052463758,PRKCB
Positive Regulation Of ERK1 And ERK2 Cascade (GO:0070374),1/179,0.14178100627369258,0.1589781633688844,0,0,6.954002808988764,13.584447140756785,CSF1R
Axonogenesis (GO:0007409),1/188,0.14838430903089075,0.16593514128185632,0,0,6.616310160427807,12.623586907174872,VASP
Neuron Projection Development (GO:0031175),1/192,0.1513037348386507,0.16874625654927264,0,0,6.476439790575916,12.230536173954643,STMN2
Regulation Of Translation (GO:0006417),1/202,0.15856114370451962,0.17636747535048172,0,0,6.151119402985074,11.327993730760022,MTOR
Regulation Of MAPK Cascade (GO:0043408),1/204,0.16000559865978323,0.17749954411325286,0,0,6.0899014778325125,11.160027472516946,CSF1R
Regulation Of Angiogenesis (GO:0045765),1/205,0.16072695068123882,0.1778255624558387,0,0,6.059742647058823,11.077502318716135,PRKCB
Positive Regulation Of Cell Motility (GO:2000147),1/221,0.1721895869532201,0.19000230284493252,0,0,5.614488636363636,9.876779110409798,CSF1R
Positive Regulation Of Protein Modification Process (GO:0031401),1/225,0.17503213490632788,0.1926279579921492,0,0,5.513113839285714,9.608175927839138,CSF1R
Regulation Of Cell Growth (GO:0001558),1/227,0.17644996147143538,0.19367594715598185,0,0,5.463772123893805,9.478103562810997,MTOR
Cellular Response To Lipid (GO:0071396),1/228,0.17715801443219276,0.19394140527313736,0,0,5.43942731277533,9.414088692848171,CFTR
Negative Regulation Of Intracellular Signal Transduction (GO:1902532),1/231,0.17927873716321324,0.19523548340287095,0,0,5.367663043478261,9.226011667423023,PLEK
Positive Regulation Of Phosphorylation (GO:0042327),1/231,0.17927873716321324,0.19523548340287095,0,0,5.367663043478261,9.226011667423023,CSF1R
Regulation Of I-kappaB kinase/NF-kappaB Signaling (GO:0043122),1/232,0.1799845008406272,0.1954923037851199,0,0,5.3441558441558445,9.164610227089176,PRKCB
Inflammatory Response (GO:0006954),1/236,0.1828018474923215,0.1980353347833483,0,0,5.252127659574468,8.925216338896808,CSF1R
Regulation Of ERK1 And ERK2 Cascade (GO:0070372),1/244,0.1884092321527263,0.20357984565073803,0,0,5.077160493827161,8.4744861584892,CSF1R
Positive Regulation Of Programmed Cell Death (GO:0043068),1/245,0.18910760348082375,0.20380508561663913,0,0,5.05609631147541,8.420620466952183,BAD
Positive Regulation Of DNA-binding Transcription Factor Activity (GO:0051091),1/246,0.1898054091674659,0.2040285535236843,0,0,5.035204081632653,8.367280059696222,PRKCB
Cytokine-Mediated Signaling Pathway (GO:0019221),1/257,0.19744406318250393,0.2116926038245403,0,0,4.816162109375,7.813259593293775,CSF1R
Cellular Component Assembly (GO:0022607),1/260,0.1995155382386583,0.2133636604300305,0,0,4.7596525096525095,7.671908533649531,ADD2
Regulation Of Protein Phosphorylation (GO:0001932),1/265,0.20295681801904933,0.2164872725536526,0,0,4.668323863636363,7.444865696025388,CSF1R
Positive Regulation Of Signal Transduction (GO:0009967),1/266,0.20364340101678907,0.2166640788311618,0,0,4.650471698113208,7.400690200913087,PRKCB
Positive Regulation Of Apoptotic Process (GO:0043065),1/270,0.20638417050008295,0.21901993604090436,0,0,4.580390334572491,7.2279289668404445,BAD
Monoatomic Cation Transmembrane Transport (GO:0098655),1/281,0.2138755819123929,0.22624019918804483,0,0,4.397991071428572,6.783289141525979,KCNA1
Central Nervous System Development (GO:0007417),1/283,0.21523048570684855,0.22624019918804483,0,0,4.366356382978723,6.706923376920277,MARCKS
Positive Regulation Of Cell Differentiation (GO:0045597),1/283,0.21523048570684855,0.22624019918804483,0,0,4.366356382978723,6.706923376920277,MTOR
Transmembrane Receptor Protein Tyrosine Kinase Signaling Pathway (GO:0007169),1/284,0.21590711316743705,0.22624019918804483,0,0,4.3507067137809186,6.6692287565769535,CSF1R
Inorganic Cation Transmembrane Transport (GO:0098662),1/284,0.21590711316743705,0.22624019918804483,0,0,4.3507067137809186,6.6692287565769535,KCNA1
Cellular Response To Cytokine Stimulus (GO:0071345),1/308,0.23198239914578056,0.24247406543880584,0,0,4.005700325732899,5.852703814228096,CSF1R
Positive Regulation Of MAPK Cascade (GO:0043410),1/310,0.23330790965328557,0.2432483469066837,0,0,3.979368932038835,5.791558410833886,CSF1R
Protein Transport (GO:0015031),1/313,0.2352921389412589,0.2447038244989093,0,0,3.940504807692307,5.701624346414991,PRKCB
Positive Regulation Of Cytokine Production (GO:0001819),1/320,0.2399032277366259,0.2488771639362503,0,0,3.852664576802508,5.49975440642272,CSF1R
Positive Regulation Of Macromolecule Metabolic Process (GO:0010604),1/364,0.2682933842821892,0.2776369349785838,0,0,3.378099173553719,4.444477859335684,MTOR
Positive Regulation Of Protein Phosphorylation (GO:0001934),1/377,0.27648846053288495,0.2854074431307199,0,0,3.2591422872340425,4.189908325324048,CSF1R
Negative Regulation Of Programmed Cell Death (GO:0043069),1/381,0.278992591799339,0.2872795004666461,0,0,3.224177631578947,4.115888601010839,MTOR
DNA Damage Response (GO:0006974),1/384,0.28086533463818225,0.288493775825886,0,0,3.1984334203655354,4.0616265060971255,MTOR
Organelle Organization (GO:0006996),1/418,0.3017722585288379,0.30920507277831666,0,0,2.9325539568345325,3.5134420361759404,MTOR
Nervous System Development (GO:0007399),1/433,0.3108128456684457,0.3175177273950277,0,0,2.8285590277777777,3.3053531861878978,MARCKS
Regulation Of Cell Migration (GO:0030334),1/434,0.31141161725281563,0.3175177273950277,0,0,2.8218822170900695,3.292119861982518,CSF1R
Positive Regulation Of Gene Expression (GO:0010628),1/480,0.3384318464957097,0.3442240785873233,0,0,2.5448851774530272,2.7572114287351157,MTOR
Negative Regulation Of Apoptotic Process (GO:0043066),1/482,0.3395836939641825,0.34455321143682904,0,0,2.5340436590436592,2.736855440674512,MTOR
Positive Regulation Of Intracellular Signal Transduction (GO:1902533),1/525,0.3638965891662869,0.3683235549712296,0,0,2.3209685114503817,2.3462335242078387,PRKCB
Regulation Of Cell Population Proliferation (GO:0042127),1/766,0.4852974189443624,0.4900090443710067,0,0,1.5700980392156862,1.1351704271635703,CSF1R
Regulation Of Gene Expression (GO:0010468),1/1127,0.6270844237241886,0.631639516390466,0,0,1.046680728241563,0.4884587871799632,MTOR
Positive Regulation Of DNA-templated Transcription (GO:0045893),1/1243,0.6642061246119877,0.6674148498516591,0,0,0.9430857487922706,0.3858755575621303,MTOR
Regulation Of DNA-templated Transcription (GO:0006355),1/1922,0.8206360985899552,0.8226135349720998,0,0,0.5876496616345653,0.11616394624707166,PRKCB
Regulation Of Transcription By RNA Polymerase II (GO:0006357),1/2028,0.8377074383224169,0.8377074383224169,0,0,0.5536507153428712,0.09804398900742778,PRKCB
